region,sex,age,cases,fatalities,count,cases_pp,fatalities_pp
Bern-Mittelland,Male,0,1,0,2145,0.0004662004662004662,0.0
Bern-Mittelland,Male,11,1,0,1848,0.0005411255411255411,0.0
Bern-Mittelland,Male,12,1,0,1785,0.0005602240896358543,0.0
Bern-Mittelland,Male,14,4,0,1789,0.0022358859698155395,0.0
Bern-Mittelland,Male,15,1,0,1753,0.0005704506560182544,0.0
Bern-Mittelland,Male,16,2,0,1736,0.001152073732718894,0.0
Bern-Mittelland,Male,17,2,0,1768,0.0011312217194570137,0.0
Bern-Mittelland,Male,18,6,0,1825,0.0032876712328767125,0.0
Bern-Mittelland,Male,19,3,0,1884,0.0015923566878980893,0.0
Bern-Mittelland,Male,20,2,0,1931,0.0010357327809425167,0.0
Bern-Mittelland,Male,21,4,0,2002,0.001998001998001998,0.0
Bern-Mittelland,Male,22,5,0,2166,0.0023084025854108957,0.0
Bern-Mittelland,Male,23,3,0,2228,0.0013464991023339318,0.0
Bern-Mittelland,Male,24,7,0,2362,0.0029635901778154107,0.0
Bern-Mittelland,Male,25,3,0,2448,0.0012254901960784314,0.0
Bern-Mittelland,Male,26,7,0,2716,0.002577319587628866,0.0
Bern-Mittelland,Male,27,9,0,2831,0.0031790886612504416,0.0
Bern-Mittelland,Male,28,15,0,3013,0.004978426817125788,0.0
Bern-Mittelland,Male,29,6,0,3012,0.00199203187250996,0.0
Bern-Mittelland,Male,30,4,0,3093,0.0012932428063368898,0.0
Bern-Mittelland,Male,31,7,0,3046,0.002298095863427446,0.0
Bern-Mittelland,Male,32,9,0,3109,0.002894821486008363,0.0
Bern-Mittelland,Male,33,5,0,3092,0.0016170763260025874,0.0
Bern-Mittelland,Male,34,6,0,3121,0.0019224607497596924,0.0
Bern-Mittelland,Male,35,8,0,3096,0.002583979328165375,0.0
Bern-Mittelland,Male,36,8,0,3073,0.0026033192320208264,0.0
Bern-Mittelland,Male,37,3,0,3113,0.0009637006103437199,0.0
Bern-Mittelland,Male,38,8,0,3064,0.0026109660574412533,0.0
Bern-Mittelland,Male,39,11,0,2947,0.0037326094333220224,0.0
Bern-Mittelland,Male,40,5,0,2889,0.0017307026652821046,0.0
Bern-Mittelland,Male,41,4,0,2832,0.0014124293785310734,0.0
Bern-Mittelland,Male,42,4,0,2833,0.0014119308153900459,0.0
Bern-Mittelland,Male,43,2,0,2728,0.0007331378299120235,0.0
Bern-Mittelland,Male,44,7,0,2753,0.0025426807119505995,0.0
Bern-Mittelland,Male,45,8,0,2746,0.0029133284777858705,0.0
Bern-Mittelland,Male,46,5,0,2831,0.0017661603673613563,0.0
Bern-Mittelland,Male,47,6,0,2857,0.0021001050052502626,0.0
Bern-Mittelland,Male,48,6,0,2943,0.0020387359836901123,0.0
Bern-Mittelland,Male,49,8,0,3015,0.0026533996683250414,0.0
Bern-Mittelland,Male,50,14,0,3073,0.004555808656036446,0.0
Bern-Mittelland,Male,51,9,0,3107,0.002896684905053106,0.0
Bern-Mittelland,Male,52,9,0,3063,0.002938295788442703,0.0
Bern-Mittelland,Male,53,5,0,3099,0.0016134236850596966,0.0
Bern-Mittelland,Male,54,13,0,3188,0.0040777917189460475,0.0
Bern-Mittelland,Male,55,8,0,3115,0.002568218298555377,0.0
Bern-Mittelland,Male,56,11,0,2970,0.003703703703703704,0.0
Bern-Mittelland,Male,57,8,0,2882,0.002775850104094379,0.0
Bern-Mittelland,Male,58,2,0,2816,0.0007102272727272727,0.0
Bern-Mittelland,Male,59,10,0,2705,0.0036968576709796672,0.0
Bern-Mittelland,Male,60,7,0,2655,0.0026365348399246705,0.0
Bern-Mittelland,Male,61,9,0,2590,0.0034749034749034747,0.0
Bern-Mittelland,Male,62,8,0,2524,0.003169572107765452,0.0
Bern-Mittelland,Male,63,4,0,2385,0.0016771488469601676,0.0
Bern-Mittelland,Male,64,6,0,2376,0.0025252525252525255,0.0
Bern-Mittelland,Male,65,5,0,2306,0.002168256721595837,0.0
Bern-Mittelland,Male,66,1,0,2280,0.0004385964912280702,0.0
Bern-Mittelland,Male,67,4,0,2205,0.0018140589569160999,0.0
Bern-Mittelland,Male,68,3,0,2255,0.0013303769401330377,0.0
Bern-Mittelland,Male,69,5,0,2204,0.002268602540834846,0.0
Bern-Mittelland,Male,70,1,0,2293,0.0004361098996947231,0.0
Bern-Mittelland,Male,71,4,1,2193,0.001823985408116735,0.00045599635202918376
Bern-Mittelland,Male,72,3,0,2245,0.0013363028953229399,0.0
Bern-Mittelland,Male,73,1,0,2146,0.00046598322460391424,0.0
Bern-Mittelland,Male,74,4,0,2073,0.001929570670525808,0.0
Bern-Mittelland,Male,75,1,0,1883,0.0005310674455655868,0.0
Bern-Mittelland,Male,76,6,2,1828,0.0032822757111597373,0.0010940919037199124
Bern-Mittelland,Male,77,4,0,1633,0.002449479485609308,0.0
Bern-Mittelland,Male,78,5,0,1449,0.003450655624568668,0.0
Bern-Mittelland,Male,79,3,0,1354,0.0022156573116691287,0.0
Bern-Mittelland,Male,80,5,0,1274,0.003924646781789639,0.0
Bern-Mittelland,Male,81,3,1,1236,0.0024271844660194173,0.0008090614886731392
Bern-Mittelland,Male,82,6,1,1213,0.00494641384995878,0.0008244023083264633
Bern-Mittelland,Male,83,5,2,1088,0.004595588235294118,0.001838235294117647
Bern-Mittelland,Male,84,2,1,1004,0.00199203187250996,0.00099601593625498
Bern-Mittelland,Male,85,1,0,925,0.001081081081081081,0.0
Bern-Mittelland,Male,86,1,1,863,0.0011587485515643105,0.0011587485515643105
Bern-Mittelland,Male,87,2,2,767,0.002607561929595828,0.002607561929595828
Bern-Mittelland,Male,88,2,2,701,0.0028530670470756064,0.0028530670470756064
Bern-Mittelland,Male,89,2,1,605,0.003305785123966942,0.001652892561983471
Bern-Mittelland,Male,90,3,2,521,0.005758157389635317,0.003838771593090211
Bern-Mittelland,Male,91,1,1,429,0.002331002331002331,0.002331002331002331
Bern-Mittelland,Male,92,2,1,363,0.005509641873278237,0.0027548209366391185
Bern-Mittelland,Male,94,1,1,220,0.004545454545454545,0.004545454545454545
Bern-Mittelland,Female,39,1,0,2947,0.00033932813030200206,0.0
Bern-Mittelland,Female,0,2,0,2145,0.0009324009324009324,0.0
Bern-Mittelland,Female,2,1,0,2114,0.0004730368968779565,0.0
Bern-Mittelland,Female,8,1,0,2000,0.0005,0.0
Bern-Mittelland,Female,10,1,0,1946,0.0005138746145940391,0.0
Bern-Mittelland,Female,11,1,0,1848,0.0005411255411255411,0.0
Bern-Mittelland,Female,12,1,0,1785,0.0005602240896358543,0.0
Bern-Mittelland,Female,14,1,0,1789,0.0005589714924538849,0.0
Bern-Mittelland,Female,15,1,0,1753,0.0005704506560182544,0.0
Bern-Mittelland,Female,16,1,0,1736,0.000576036866359447,0.0
Bern-Mittelland,Female,17,4,0,1768,0.0022624434389140274,0.0
Bern-Mittelland,Female,18,4,0,1825,0.002191780821917808,0.0
Bern-Mittelland,Female,19,2,0,1884,0.0010615711252653928,0.0
Bern-Mittelland,Female,20,4,0,1931,0.0020714655618850335,0.0
Bern-Mittelland,Female,21,11,0,2002,0.005494505494505495,0.0
Bern-Mittelland,Female,22,6,0,2166,0.002770083102493075,0.0
Bern-Mittelland,Female,23,5,0,2228,0.002244165170556553,0.0
Bern-Mittelland,Female,24,13,0,2362,0.00550381033022862,0.0
Bern-Mittelland,Female,25,10,0,2448,0.004084967320261438,0.0
Bern-Mittelland,Female,26,6,0,2716,0.0022091310751104565,0.0
Bern-Mittelland,Female,27,13,0,2831,0.0045920169551395265,0.0
Bern-Mittelland,Female,28,11,0,3013,0.0036508463325589115,0.0
Bern-Mittelland,Female,29,4,0,3012,0.0013280212483399733,0.0
Bern-Mittelland,Female,30,7,0,3093,0.0022631749110895573,0.0
Bern-Mittelland,Female,31,6,0,3046,0.001969796454366382,0.0
Bern-Mittelland,Female,32,5,0,3109,0.0016082341588935349,0.0
Bern-Mittelland,Female,33,12,0,3092,0.0038809831824062097,0.0
Bern-Mittelland,Female,34,4,0,3121,0.001281640499839795,0.0
Bern-Mittelland,Female,35,9,0,3096,0.0029069767441860465,0.0
Bern-Mittelland,Female,36,5,0,3073,0.0016270745200130166,0.0
Bern-Mittelland,Female,37,5,0,3113,0.0016061676839061998,0.0
Bern-Mittelland,Female,38,14,0,3064,0.0045691906005221935,0.0
Bern-Mittelland,Female,39,10,0,2947,0.0033932813030200203,0.0
Bern-Mittelland,Female,40,7,0,2889,0.0024229837313949464,0.0
Bern-Mittelland,Female,41,4,0,2832,0.0014124293785310734,0.0
Bern-Mittelland,Female,42,6,0,2833,0.002117896223085069,0.0
Bern-Mittelland,Female,43,8,0,2728,0.002932551319648094,0.0
Bern-Mittelland,Female,44,4,0,2753,0.001452960406828914,0.0
Bern-Mittelland,Female,45,10,0,2746,0.003641660597232338,0.0
Bern-Mittelland,Female,46,4,0,2831,0.001412928293889085,0.0
Bern-Mittelland,Female,47,8,0,2857,0.00280014000700035,0.0
Bern-Mittelland,Female,48,6,0,2943,0.0020387359836901123,0.0
Bern-Mittelland,Female,49,8,0,3015,0.0026533996683250414,0.0
Bern-Mittelland,Female,50,15,0,3073,0.0048812235600390495,0.0
Bern-Mittelland,Female,51,8,0,3107,0.002574831026713872,0.0
Bern-Mittelland,Female,52,7,0,3063,0.002285341168788769,0.0
Bern-Mittelland,Female,53,9,0,3099,0.002904162633107454,0.0
Bern-Mittelland,Female,54,8,0,3188,0.002509410288582183,0.0
Bern-Mittelland,Female,55,2,0,3115,0.0006420545746388443,0.0
Bern-Mittelland,Female,56,14,0,2970,0.0047138047138047135,0.0
Bern-Mittelland,Female,57,6,0,2882,0.002081887578070784,0.0
Bern-Mittelland,Female,58,4,0,2816,0.0014204545454545455,0.0
Bern-Mittelland,Female,59,7,0,2705,0.002587800369685767,0.0
Bern-Mittelland,Female,60,3,0,2655,0.0011299435028248588,0.0
Bern-Mittelland,Female,61,7,0,2590,0.002702702702702703,0.0
Bern-Mittelland,Female,62,9,0,2524,0.0035657686212361333,0.0
Bern-Mittelland,Female,63,9,0,2385,0.0037735849056603774,0.0
Bern-Mittelland,Female,64,4,0,2376,0.0016835016835016834,0.0
Bern-Mittelland,Female,65,5,0,2306,0.002168256721595837,0.0
Bern-Mittelland,Female,66,1,0,2280,0.0004385964912280702,0.0
Bern-Mittelland,Female,67,3,0,2205,0.0013605442176870747,0.0
Bern-Mittelland,Female,68,1,0,2255,0.0004434589800443459,0.0
Bern-Mittelland,Female,69,3,0,2204,0.0013611615245009074,0.0
Bern-Mittelland,Female,71,3,0,2193,0.0013679890560875513,0.0
Bern-Mittelland,Female,72,1,0,2245,0.00044543429844097997,0.0
Bern-Mittelland,Female,73,4,0,2146,0.001863932898415657,0.0
Bern-Mittelland,Female,74,1,0,2073,0.000482392667631452,0.0
Bern-Mittelland,Female,75,1,0,1883,0.0005310674455655868,0.0
Bern-Mittelland,Female,76,2,0,1828,0.0010940919037199124,0.0
Bern-Mittelland,Female,77,4,0,1633,0.002449479485609308,0.0
Bern-Mittelland,Female,78,2,0,1449,0.0013802622498274672,0.0
Bern-Mittelland,Female,79,2,1,1354,0.0014771048744460858,0.0007385524372230429
Bern-Mittelland,Female,80,3,1,1274,0.002354788069073783,0.0007849293563579278
Bern-Mittelland,Female,82,1,1,1213,0.0008244023083264633,0.0008244023083264633
Bern-Mittelland,Female,83,2,1,1088,0.001838235294117647,0.0009191176470588235
Bern-Mittelland,Female,84,3,1,1004,0.00298804780876494,0.00099601593625498
Bern-Mittelland,Female,85,1,0,925,0.001081081081081081,0.0
Bern-Mittelland,Female,86,1,0,863,0.0011587485515643105,0.0
Bern-Mittelland,Female,87,2,0,767,0.002607561929595828,0.0
Bern-Mittelland,Female,88,5,1,701,0.007132667617689016,0.0014265335235378032
Bern-Mittelland,Female,89,8,3,605,0.013223140495867768,0.0049586776859504135
Bern-Mittelland,Female,90,5,1,521,0.009596928982725527,0.0019193857965451055
Bern-Mittelland,Female,91,7,0,429,0.016317016317016316,0.0
Bern-Mittelland,Female,92,5,0,363,0.013774104683195593,0.0
Bern-Mittelland,Female,93,2,1,281,0.0071174377224199285,0.0035587188612099642
Bern-Mittelland,Female,94,2,2,220,0.00909090909090909,0.00909090909090909
Bern-Mittelland,Female,95,2,1,172,0.011627906976744186,0.005813953488372093
Bern-Mittelland,Female,96,1,0,120,0.008333333333333333,0.0
Bern-Mittelland,Female,97,1,0,93,0.010752688172043012,0.0
Bern-Mittelland,Female,99,1,1,72,0.013888888888888888,0.013888888888888888
Biel/Bienne,Male,2,1,0,542,0.0018450184501845018,0.0
Biel/Bienne,Male,16,1,0,500,0.002,0.0
Biel/Bienne,Male,17,2,0,440,0.004545454545454545,0.0
Biel/Bienne,Male,18,4,0,495,0.00808080808080808,0.0
Biel/Bienne,Male,19,2,0,459,0.004357298474945534,0.0
Biel/Bienne,Male,20,1,0,507,0.0019723865877712033,0.0
Biel/Bienne,Male,21,1,0,535,0.001869158878504673,0.0
Biel/Bienne,Male,22,3,0,545,0.005504587155963303,0.0
Biel/Bienne,Male,23,3,0,594,0.005050505050505051,0.0
Biel/Bienne,Male,26,3,0,695,0.004316546762589928,0.0
Biel/Bienne,Male,27,1,0,708,0.0014124293785310734,0.0
Biel/Bienne,Male,28,1,0,718,0.001392757660167131,0.0
Biel/Bienne,Male,29,3,0,733,0.004092769440654843,0.0
Biel/Bienne,Male,31,2,0,730,0.0027397260273972603,0.0
Biel/Bienne,Male,32,2,0,701,0.0028530670470756064,0.0
Biel/Bienne,Male,34,1,0,687,0.001455604075691412,0.0
Biel/Bienne,Male,35,1,0,679,0.0014727540500736377,0.0
Biel/Bienne,Male,37,2,0,688,0.0029069767441860465,0.0
Biel/Bienne,Male,38,4,0,728,0.005494505494505495,0.0
Biel/Bienne,Male,39,2,0,686,0.0029154518950437317,0.0
Biel/Bienne,Male,40,2,0,667,0.0029985007496251873,0.0
Biel/Bienne,Male,41,2,0,659,0.0030349013657056147,0.0
Biel/Bienne,Male,42,2,0,654,0.0030581039755351682,0.0
Biel/Bienne,Male,43,2,0,637,0.0031397174254317113,0.0
Biel/Bienne,Male,44,1,0,698,0.0014326647564469914,0.0
Biel/Bienne,Male,45,2,0,664,0.0030120481927710845,0.0
Biel/Bienne,Male,47,3,0,683,0.004392386530014641,0.0
Biel/Bienne,Male,48,2,0,734,0.0027247956403269754,0.0
Biel/Bienne,Male,49,2,0,733,0.002728512960436562,0.0
Biel/Bienne,Male,51,3,0,733,0.004092769440654843,0.0
Biel/Bienne,Male,52,1,0,759,0.0013175230566534915,0.0
Biel/Bienne,Male,53,1,0,777,0.001287001287001287,0.0
Biel/Bienne,Male,54,3,1,787,0.0038119440914866584,0.0012706480304955528
Biel/Bienne,Male,55,2,0,806,0.0024813895781637717,0.0
Biel/Bienne,Male,56,2,0,745,0.0026845637583892616,0.0
Biel/Bienne,Male,57,3,0,746,0.004021447721179625,0.0
Biel/Bienne,Male,58,1,0,680,0.0014705882352941176,0.0
Biel/Bienne,Male,59,2,0,666,0.003003003003003003,0.0
Biel/Bienne,Male,60,3,0,625,0.0048,0.0
Biel/Bienne,Male,61,1,0,626,0.001597444089456869,0.0
Biel/Bienne,Male,62,1,1,606,0.0016501650165016502,0.0016501650165016502
Biel/Bienne,Male,63,1,0,560,0.0017857142857142857,0.0
Biel/Bienne,Male,64,1,0,564,0.0017730496453900709,0.0
Biel/Bienne,Male,65,1,0,534,0.0018726591760299626,0.0
Biel/Bienne,Male,67,1,1,507,0.0019723865877712033,0.0019723865877712033
Biel/Bienne,Male,69,1,0,540,0.001851851851851852,0.0
Biel/Bienne,Male,70,2,0,517,0.0038684719535783366,0.0
Biel/Bienne,Male,71,1,0,542,0.0018450184501845018,0.0
Biel/Bienne,Male,73,1,0,470,0.002127659574468085,0.0
Biel/Bienne,Male,75,1,1,423,0.002364066193853428,0.002364066193853428
Biel/Bienne,Male,76,4,1,423,0.009456264775413711,0.002364066193853428
Biel/Bienne,Male,80,1,0,319,0.003134796238244514,0.0
Biel/Bienne,Male,82,2,1,325,0.006153846153846154,0.003076923076923077
Biel/Bienne,Male,84,1,0,260,0.0038461538461538464,0.0
Biel/Bienne,Male,89,3,2,154,0.01948051948051948,0.012987012987012988
Biel/Bienne,Male,90,1,0,130,0.007692307692307693,0.0
Biel/Bienne,Male,91,1,0,118,0.00847457627118644,0.0
Biel/Bienne,Male,94,1,0,45,0.022222222222222223,0.0
Biel/Bienne,Female,9,1,0,520,0.0019230769230769232,0.0
Biel/Bienne,Female,16,1,0,500,0.002,0.0
Biel/Bienne,Female,17,1,0,440,0.0022727272727272726,0.0
Biel/Bienne,Female,18,1,0,495,0.00202020202020202,0.0
Biel/Bienne,Female,20,1,0,507,0.0019723865877712033,0.0
Biel/Bienne,Female,21,4,0,535,0.007476635514018692,0.0
Biel/Bienne,Female,22,3,0,545,0.005504587155963303,0.0
Biel/Bienne,Female,24,5,0,593,0.008431703204047217,0.0
Biel/Bienne,Female,25,1,0,639,0.001564945226917058,0.0
Biel/Bienne,Female,26,3,0,695,0.004316546762589928,0.0
Biel/Bienne,Female,27,2,0,708,0.002824858757062147,0.0
Biel/Bienne,Female,28,3,0,718,0.004178272980501393,0.0
Biel/Bienne,Female,29,3,0,733,0.004092769440654843,0.0
Biel/Bienne,Female,30,2,0,715,0.002797202797202797,0.0
Biel/Bienne,Female,31,3,0,730,0.00410958904109589,0.0
Biel/Bienne,Female,32,2,0,701,0.0028530670470756064,0.0
Biel/Bienne,Female,33,2,0,696,0.0028735632183908046,0.0
Biel/Bienne,Female,34,4,0,687,0.005822416302765648,0.0
Biel/Bienne,Female,35,1,0,679,0.0014727540500736377,0.0
Biel/Bienne,Female,36,3,0,713,0.004207573632538569,0.0
Biel/Bienne,Female,37,1,0,688,0.0014534883720930232,0.0
Biel/Bienne,Female,40,1,0,667,0.0014992503748125937,0.0
Biel/Bienne,Female,41,1,0,659,0.0015174506828528073,0.0
Biel/Bienne,Female,42,1,0,654,0.0015290519877675841,0.0
Biel/Bienne,Female,43,1,0,637,0.0015698587127158557,0.0
Biel/Bienne,Female,44,1,0,698,0.0014326647564469914,0.0
Biel/Bienne,Female,45,4,0,664,0.006024096385542169,0.0
Biel/Bienne,Female,46,3,0,690,0.004347826086956522,0.0
Biel/Bienne,Female,47,4,0,683,0.005856515373352855,0.0
Biel/Bienne,Female,48,5,0,734,0.006811989100817439,0.0
Biel/Bienne,Female,49,3,0,733,0.004092769440654843,0.0
Biel/Bienne,Female,51,5,0,733,0.0068212824010914054,0.0
Biel/Bienne,Female,53,2,0,777,0.002574002574002574,0.0
Biel/Bienne,Female,54,2,0,787,0.0025412960609911056,0.0
Biel/Bienne,Female,55,3,0,806,0.0037220843672456576,0.0
Biel/Bienne,Female,56,3,0,745,0.004026845637583893,0.0
Biel/Bienne,Female,58,2,0,680,0.0029411764705882353,0.0
Biel/Bienne,Female,59,1,0,666,0.0015015015015015015,0.0
Biel/Bienne,Female,60,1,0,625,0.0016,0.0
Biel/Bienne,Female,61,1,0,626,0.001597444089456869,0.0
Biel/Bienne,Female,62,3,0,606,0.0049504950495049506,0.0
Biel/Bienne,Female,63,1,0,560,0.0017857142857142857,0.0
Biel/Bienne,Female,67,1,0,507,0.0019723865877712033,0.0
Biel/Bienne,Female,69,1,0,540,0.001851851851851852,0.0
Biel/Bienne,Female,70,3,0,517,0.005802707930367505,0.0
Biel/Bienne,Female,73,1,0,470,0.002127659574468085,0.0
Biel/Bienne,Female,76,2,0,423,0.004728132387706856,0.0
Biel/Bienne,Female,77,1,0,386,0.0025906735751295338,0.0
Biel/Bienne,Female,82,1,0,325,0.003076923076923077,0.0
Biel/Bienne,Female,83,2,0,296,0.006756756756756757,0.0
Biel/Bienne,Female,84,2,1,260,0.007692307692307693,0.0038461538461538464
Biel/Bienne,Female,85,1,0,253,0.003952569169960474,0.0
Biel/Bienne,Female,89,2,1,154,0.012987012987012988,0.006493506493506494
Biel/Bienne,Female,94,1,0,45,0.022222222222222223,0.0
Emmental,Male,5,1,0,460,0.002173913043478261,0.0
Emmental,Male,6,1,0,513,0.001949317738791423,0.0
Emmental,Male,7,1,0,492,0.0020325203252032522,0.0
Emmental,Male,17,1,0,504,0.001984126984126984,0.0
Emmental,Male,19,1,0,519,0.0019267822736030828,0.0
Emmental,Male,22,1,0,574,0.0017421602787456446,0.0
Emmental,Male,23,2,0,574,0.003484320557491289,0.0
Emmental,Male,24,1,0,584,0.0017123287671232876,0.0
Emmental,Male,25,3,0,549,0.00546448087431694,0.0
Emmental,Male,26,2,0,579,0.0034542314335060447,0.0
Emmental,Male,28,1,0,594,0.0016835016835016834,0.0
Emmental,Male,30,4,0,610,0.006557377049180328,0.0
Emmental,Male,31,1,0,575,0.0017391304347826088,0.0
Emmental,Male,32,1,0,600,0.0016666666666666668,0.0
Emmental,Male,33,1,0,559,0.0017889087656529517,0.0
Emmental,Male,35,3,0,602,0.0049833887043189366,0.0
Emmental,Male,37,1,0,616,0.0016233766233766235,0.0
Emmental,Male,38,1,0,593,0.0016863406408094434,0.0
Emmental,Male,43,2,0,619,0.0032310177705977385,0.0
Emmental,Male,47,2,0,698,0.0028653295128939827,0.0
Emmental,Male,48,2,0,718,0.002785515320334262,0.0
Emmental,Male,49,1,0,706,0.00141643059490085,0.0
Emmental,Male,50,1,0,755,0.0013245033112582781,0.0
Emmental,Male,52,3,0,771,0.0038910505836575876,0.0
Emmental,Male,54,2,0,751,0.002663115845539281,0.0
Emmental,Male,55,1,0,755,0.0013245033112582781,0.0
Emmental,Male,56,3,0,739,0.0040595399188092015,0.0
Emmental,Male,57,2,0,748,0.00267379679144385,0.0
Emmental,Male,58,1,0,739,0.0013531799729364006,0.0
Emmental,Male,59,1,0,704,0.0014204545454545455,0.0
Emmental,Male,61,1,1,673,0.0014858841010401188,0.0014858841010401188
Emmental,Male,62,1,0,714,0.0014005602240896359,0.0
Emmental,Male,63,2,0,663,0.0030165912518853697,0.0
Emmental,Male,64,2,0,576,0.003472222222222222,0.0
Emmental,Male,71,1,0,537,0.00186219739292365,0.0
Emmental,Male,75,2,0,437,0.004576659038901602,0.0
Emmental,Male,79,1,0,338,0.0029585798816568047,0.0
Emmental,Male,84,1,0,241,0.004149377593360996,0.0
Emmental,Male,87,1,0,183,0.00546448087431694,0.0
Emmental,Male,92,1,0,78,0.01282051282051282,0.0
Emmental,Female,14,1,0,470,0.002127659574468085,0.0
Emmental,Female,18,1,0,549,0.0018214936247723133,0.0
Emmental,Female,19,2,0,519,0.0038535645472061657,0.0
Emmental,Female,20,2,0,536,0.0037313432835820895,0.0
Emmental,Female,23,1,0,574,0.0017421602787456446,0.0
Emmental,Female,24,2,0,584,0.003424657534246575,0.0
Emmental,Female,25,1,0,549,0.0018214936247723133,0.0
Emmental,Female,27,2,0,608,0.003289473684210526,0.0
Emmental,Female,28,3,0,594,0.005050505050505051,0.0
Emmental,Female,29,4,0,606,0.006600660066006601,0.0
Emmental,Female,31,2,0,575,0.0034782608695652175,0.0
Emmental,Female,32,1,0,600,0.0016666666666666668,0.0
Emmental,Female,33,2,0,559,0.0035778175313059034,0.0
Emmental,Female,35,1,0,602,0.0016611295681063123,0.0
Emmental,Female,36,2,0,640,0.003125,0.0
Emmental,Female,37,1,0,616,0.0016233766233766235,0.0
Emmental,Female,38,2,0,593,0.003372681281618887,0.0
Emmental,Female,40,2,0,581,0.0034423407917383822,0.0
Emmental,Female,42,1,0,576,0.001736111111111111,0.0
Emmental,Female,43,1,0,619,0.0016155088852988692,0.0
Emmental,Female,46,1,0,664,0.0015060240963855422,0.0
Emmental,Female,47,1,0,698,0.0014326647564469914,0.0
Emmental,Female,49,4,0,706,0.0056657223796034,0.0
Emmental,Female,51,1,0,764,0.0013089005235602095,0.0
Emmental,Female,53,2,0,771,0.0025940337224383916,0.0
Emmental,Female,54,2,0,751,0.002663115845539281,0.0
Emmental,Female,55,1,0,755,0.0013245033112582781,0.0
Emmental,Female,56,1,0,739,0.0013531799729364006,0.0
Emmental,Female,59,3,0,704,0.004261363636363636,0.0
Emmental,Female,61,2,0,673,0.0029717682020802376,0.0
Emmental,Female,62,1,0,714,0.0014005602240896359,0.0
Emmental,Female,63,1,0,663,0.0015082956259426848,0.0
Emmental,Female,64,1,0,576,0.001736111111111111,0.0
Emmental,Female,65,2,0,608,0.003289473684210526,0.0
Emmental,Female,66,1,0,548,0.0018248175182481751,0.0
Emmental,Female,67,1,0,548,0.0018248175182481751,0.0
Emmental,Female,75,1,0,437,0.002288329519450801,0.0
Emmental,Female,78,1,0,299,0.0033444816053511705,0.0
Frutigen-Niedersimmental,Male,22,1,0,230,0.004347826086956522,0.0
Frutigen-Niedersimmental,Male,23,1,0,239,0.0041841004184100415,0.0
Frutigen-Niedersimmental,Male,24,1,0,229,0.004366812227074236,0.0
Frutigen-Niedersimmental,Male,35,1,0,230,0.004347826086956522,0.0
Frutigen-Niedersimmental,Male,46,1,0,253,0.003952569169960474,0.0
Frutigen-Niedersimmental,Male,47,1,0,303,0.0033003300330033004,0.0
Frutigen-Niedersimmental,Male,49,1,0,308,0.003246753246753247,0.0
Frutigen-Niedersimmental,Male,51,1,0,330,0.0030303030303030303,0.0
Frutigen-Niedersimmental,Male,53,2,0,324,0.006172839506172839,0.0
Frutigen-Niedersimmental,Male,55,1,0,322,0.003105590062111801,0.0
Frutigen-Niedersimmental,Male,57,2,0,295,0.006779661016949152,0.0
Frutigen-Niedersimmental,Male,58,1,0,306,0.0032679738562091504,0.0
Frutigen-Niedersimmental,Male,60,1,0,287,0.003484320557491289,0.0
Frutigen-Niedersimmental,Male,61,1,0,277,0.0036101083032490976,0.0
Frutigen-Niedersimmental,Male,64,2,0,252,0.007936507936507936,0.0
Frutigen-Niedersimmental,Male,67,1,0,231,0.004329004329004329,0.0
Frutigen-Niedersimmental,Male,70,2,0,241,0.008298755186721992,0.0
Frutigen-Niedersimmental,Male,71,1,0,227,0.004405286343612335,0.0
Frutigen-Niedersimmental,Male,80,1,0,140,0.007142857142857143,0.0
Frutigen-Niedersimmental,Male,82,2,0,123,0.016260162601626018,0.0
Frutigen-Niedersimmental,Female,23,1,0,239,0.0041841004184100415,0.0
Frutigen-Niedersimmental,Female,24,1,0,229,0.004366812227074236,0.0
Frutigen-Niedersimmental,Female,25,3,0,228,0.013157894736842105,0.0
Frutigen-Niedersimmental,Female,26,1,0,211,0.004739336492890996,0.0
Frutigen-Niedersimmental,Female,29,1,0,229,0.004366812227074236,0.0
Frutigen-Niedersimmental,Female,32,1,0,231,0.004329004329004329,0.0
Frutigen-Niedersimmental,Female,40,2,0,253,0.007905138339920948,0.0
Frutigen-Niedersimmental,Female,46,1,0,253,0.003952569169960474,0.0
Frutigen-Niedersimmental,Female,53,1,0,324,0.0030864197530864196,0.0
Frutigen-Niedersimmental,Female,54,1,0,313,0.003194888178913738,0.0
Frutigen-Niedersimmental,Female,56,1,0,314,0.0031847133757961785,0.0
Frutigen-Niedersimmental,Female,60,1,0,287,0.003484320557491289,0.0
Frutigen-Niedersimmental,Female,63,1,0,245,0.004081632653061225,0.0
Frutigen-Niedersimmental,Female,64,2,0,252,0.007936507936507936,0.0
Frutigen-Niedersimmental,Female,67,2,0,231,0.008658008658008658,0.0
Frutigen-Niedersimmental,Female,70,2,0,241,0.008298755186721992,0.0
Frutigen-Niedersimmental,Female,73,2,0,225,0.008888888888888889,0.0
Frutigen-Niedersimmental,Female,74,1,0,215,0.004651162790697674,0.0
Frutigen-Niedersimmental,Female,75,1,0,219,0.0045662100456621,0.0
Frutigen-Niedersimmental,Female,77,1,0,180,0.005555555555555556,0.0
Frutigen-Niedersimmental,Female,82,1,0,123,0.008130081300813009,0.0
Frutigen-Niedersimmental,Female,83,1,0,105,0.009523809523809525,0.0
Frutigen-Niedersimmental,Female,87,1,0,75,0.013333333333333334,0.0
Frutigen-Niedersimmental,Female,94,1,0,15,0.06666666666666667,0.0
Interlaken-Oberhasli,Male,18,2,0,252,0.007936507936507936,0.0
Interlaken-Oberhasli,Male,19,1,0,224,0.004464285714285714,0.0
Interlaken-Oberhasli,Male,23,1,0,252,0.003968253968253968,0.0
Interlaken-Oberhasli,Male,24,2,0,243,0.00823045267489712,0.0
Interlaken-Oberhasli,Male,26,1,0,278,0.0035971223021582736,0.0
Interlaken-Oberhasli,Male,28,1,0,294,0.003401360544217687,0.0
Interlaken-Oberhasli,Male,31,1,0,280,0.0035714285714285713,0.0
Interlaken-Oberhasli,Male,35,1,0,299,0.0033444816053511705,0.0
Interlaken-Oberhasli,Male,39,1,0,293,0.0034129692832764505,0.0
Interlaken-Oberhasli,Male,40,1,0,304,0.003289473684210526,0.0
Interlaken-Oberhasli,Male,42,1,0,306,0.0032679738562091504,0.0
Interlaken-Oberhasli,Male,43,1,0,305,0.003278688524590164,0.0
Interlaken-Oberhasli,Male,46,2,0,313,0.006389776357827476,0.0
Interlaken-Oberhasli,Male,51,2,0,371,0.005390835579514825,0.0
Interlaken-Oberhasli,Male,54,1,0,403,0.0024813895781637717,0.0
Interlaken-Oberhasli,Male,55,1,0,377,0.002652519893899204,0.0
Interlaken-Oberhasli,Male,56,1,0,394,0.0025380710659898475,0.0
Interlaken-Oberhasli,Male,57,1,0,409,0.0024449877750611247,0.0
Interlaken-Oberhasli,Male,59,1,0,371,0.0026954177897574125,0.0
Interlaken-Oberhasli,Male,62,1,0,339,0.0029498525073746312,0.0
Interlaken-Oberhasli,Male,63,2,0,314,0.006369426751592357,0.0
Interlaken-Oberhasli,Male,66,1,0,276,0.0036231884057971015,0.0
Interlaken-Oberhasli,Male,68,1,0,294,0.003401360544217687,0.0
Interlaken-Oberhasli,Male,70,2,1,293,0.006825938566552901,0.0034129692832764505
Interlaken-Oberhasli,Male,72,1,0,290,0.0034482758620689655,0.0
Interlaken-Oberhasli,Male,74,1,0,263,0.0038022813688212928,0.0
Interlaken-Oberhasli,Male,85,1,0,119,0.008403361344537815,0.0
Interlaken-Oberhasli,Female,18,1,0,252,0.003968253968253968,0.0
Interlaken-Oberhasli,Female,20,1,0,241,0.004149377593360996,0.0
Interlaken-Oberhasli,Female,22,2,0,252,0.007936507936507936,0.0
Interlaken-Oberhasli,Female,23,1,0,252,0.003968253968253968,0.0
Interlaken-Oberhasli,Female,24,1,0,243,0.00411522633744856,0.0
Interlaken-Oberhasli,Female,25,1,0,260,0.0038461538461538464,0.0
Interlaken-Oberhasli,Female,26,1,0,278,0.0035971223021582736,0.0
Interlaken-Oberhasli,Female,27,2,0,284,0.007042253521126761,0.0
Interlaken-Oberhasli,Female,31,2,0,280,0.007142857142857143,0.0
Interlaken-Oberhasli,Female,36,1,0,301,0.0033222591362126247,0.0
Interlaken-Oberhasli,Female,40,2,0,304,0.006578947368421052,0.0
Interlaken-Oberhasli,Female,43,2,0,305,0.006557377049180328,0.0
Interlaken-Oberhasli,Female,45,2,0,306,0.006535947712418301,0.0
Interlaken-Oberhasli,Female,50,2,0,378,0.005291005291005291,0.0
Interlaken-Oberhasli,Female,53,3,0,380,0.007894736842105263,0.0
Interlaken-Oberhasli,Female,54,1,0,403,0.0024813895781637717,0.0
Interlaken-Oberhasli,Female,57,2,0,409,0.004889975550122249,0.0
Interlaken-Oberhasli,Female,59,1,0,371,0.0026954177897574125,0.0
Interlaken-Oberhasli,Female,60,1,0,362,0.0027624309392265192,0.0
Interlaken-Oberhasli,Female,61,1,0,327,0.0030581039755351682,0.0
Interlaken-Oberhasli,Female,66,1,0,276,0.0036231884057971015,0.0
Interlaken-Oberhasli,Female,72,1,0,290,0.0034482758620689655,0.0
Interlaken-Oberhasli,Female,82,1,0,152,0.006578947368421052,0.0
Interlaken-Oberhasli,Female,86,1,1,115,0.008695652173913044,0.008695652173913044
Interlaken-Oberhasli,Female,96,1,0,14,0.07142857142857142,0.0
Jura bernois,Male,1,1,0,253,0.003952569169960474,0.0
Jura bernois,Male,16,2,0,279,0.007168458781362007,0.0
Jura bernois,Male,17,1,0,284,0.0035211267605633804,0.0
Jura bernois,Male,22,1,0,340,0.0029411764705882353,0.0
Jura bernois,Male,24,1,0,312,0.003205128205128205,0.0
Jura bernois,Male,25,1,0,323,0.0030959752321981426,0.0
Jura bernois,Male,27,1,0,332,0.0030120481927710845,0.0
Jura bernois,Male,28,1,0,347,0.002881844380403458,0.0
Jura bernois,Male,29,1,0,317,0.0031545741324921135,0.0
Jura bernois,Male,31,1,0,310,0.0032258064516129032,0.0
Jura bernois,Male,32,1,0,315,0.0031746031746031746,0.0
Jura bernois,Male,33,1,0,319,0.003134796238244514,0.0
Jura bernois,Male,35,1,0,298,0.003355704697986577,0.0
Jura bernois,Male,36,1,0,320,0.003125,0.0
Jura bernois,Male,37,1,0,313,0.003194888178913738,0.0
Jura bernois,Male,42,1,0,320,0.003125,0.0
Jura bernois,Male,44,1,0,332,0.0030120481927710845,0.0
Jura bernois,Male,45,1,0,361,0.002770083102493075,0.0
Jura bernois,Male,46,1,0,384,0.0026041666666666665,0.0
Jura bernois,Male,47,1,0,382,0.002617801047120419,0.0
Jura bernois,Male,48,2,0,392,0.00510204081632653,0.0
Jura bernois,Male,50,2,0,403,0.004962779156327543,0.0
Jura bernois,Male,51,2,0,408,0.004901960784313725,0.0
Jura bernois,Male,52,2,0,427,0.00468384074941452,0.0
Jura bernois,Male,53,2,0,418,0.004784688995215311,0.0
Jura bernois,Male,54,2,0,417,0.004796163069544364,0.0
Jura bernois,Male,56,2,0,406,0.0049261083743842365,0.0
Jura bernois,Male,58,2,0,403,0.004962779156327543,0.0
Jura bernois,Male,60,3,0,345,0.008695652173913044,0.0
Jura bernois,Male,61,2,0,352,0.005681818181818182,0.0
Jura bernois,Male,63,2,0,338,0.005917159763313609,0.0
Jura bernois,Male,64,1,0,322,0.003105590062111801,0.0
Jura bernois,Male,65,2,0,291,0.006872852233676976,0.0
Jura bernois,Male,66,1,0,283,0.0035335689045936395,0.0
Jura bernois,Male,67,2,1,287,0.006968641114982578,0.003484320557491289
Jura bernois,Male,68,1,0,277,0.0036101083032490976,0.0
Jura bernois,Male,69,1,1,282,0.0035460992907801418,0.0035460992907801418
Jura bernois,Male,70,1,0,286,0.0034965034965034965,0.0
Jura bernois,Male,71,3,0,267,0.011235955056179775,0.0
Jura bernois,Male,72,1,0,279,0.0035842293906810036,0.0
Jura bernois,Male,73,1,0,250,0.004,0.0
Jura bernois,Male,74,2,0,253,0.007905138339920948,0.0
Jura bernois,Male,75,2,0,243,0.00823045267489712,0.0
Jura bernois,Male,76,3,0,234,0.01282051282051282,0.0
Jura bernois,Male,77,2,0,197,0.01015228426395939,0.0
Jura bernois,Male,79,1,0,173,0.005780346820809248,0.0
Jura bernois,Male,80,2,1,156,0.01282051282051282,0.00641025641025641
Jura bernois,Male,81,4,4,170,0.023529411764705882,0.023529411764705882
Jura bernois,Male,82,2,0,158,0.012658227848101266,0.0
Jura bernois,Male,84,3,3,143,0.02097902097902098,0.02097902097902098
Jura bernois,Male,85,2,0,129,0.015503875968992248,0.0
Jura bernois,Male,86,6,1,129,0.046511627906976744,0.007751937984496124
Jura bernois,Male,87,2,1,104,0.019230769230769232,0.009615384615384616
Jura bernois,Male,88,1,0,101,0.009900990099009901,0.0
Jura bernois,Male,90,1,1,74,0.013513513513513514,0.013513513513513514
Jura bernois,Male,91,3,0,68,0.04411764705882353,0.0
Jura bernois,Male,92,2,1,59,0.03389830508474576,0.01694915254237288
Jura bernois,Female,8,1,0,296,0.0033783783783783786,0.0
Jura bernois,Female,9,1,0,282,0.0035460992907801418,0.0
Jura bernois,Female,12,1,0,317,0.0031545741324921135,0.0
Jura bernois,Female,13,1,0,287,0.003484320557491289,0.0
Jura bernois,Female,14,1,0,278,0.0035971223021582736,0.0
Jura bernois,Female,16,1,0,279,0.0035842293906810036,0.0
Jura bernois,Female,17,1,0,284,0.0035211267605633804,0.0
Jura bernois,Female,18,1,0,315,0.0031746031746031746,0.0
Jura bernois,Female,22,3,0,340,0.008823529411764706,0.0
Jura bernois,Female,23,4,0,320,0.0125,0.0
Jura bernois,Female,24,1,0,312,0.003205128205128205,0.0
Jura bernois,Female,25,2,0,323,0.006191950464396285,0.0
Jura bernois,Female,26,3,0,334,0.008982035928143712,0.0
Jura bernois,Female,27,1,0,332,0.0030120481927710845,0.0
Jura bernois,Female,28,1,0,347,0.002881844380403458,0.0
Jura bernois,Female,30,1,0,329,0.00303951367781155,0.0
Jura bernois,Female,31,1,0,310,0.0032258064516129032,0.0
Jura bernois,Female,33,1,0,319,0.003134796238244514,0.0
Jura bernois,Female,34,2,0,333,0.006006006006006006,0.0
Jura bernois,Female,35,2,0,298,0.006711409395973154,0.0
Jura bernois,Female,36,1,0,320,0.003125,0.0
Jura bernois,Female,37,1,0,313,0.003194888178913738,0.0
Jura bernois,Female,38,1,0,330,0.0030303030303030303,0.0
Jura bernois,Female,39,4,0,313,0.012779552715654952,0.0
Jura bernois,Female,40,4,0,319,0.012539184952978056,0.0
Jura bernois,Female,42,2,0,320,0.00625,0.0
Jura bernois,Female,43,2,0,332,0.006024096385542169,0.0
Jura bernois,Female,45,1,0,361,0.002770083102493075,0.0
Jura bernois,Female,46,4,0,384,0.010416666666666666,0.0
Jura bernois,Female,47,2,0,382,0.005235602094240838,0.0
Jura bernois,Female,48,1,0,392,0.002551020408163265,0.0
Jura bernois,Female,49,1,0,403,0.0024813895781637717,0.0
Jura bernois,Female,50,3,0,403,0.007444168734491315,0.0
Jura bernois,Female,51,1,0,408,0.0024509803921568627,0.0
Jura bernois,Female,52,3,0,427,0.00702576112412178,0.0
Jura bernois,Female,53,3,0,418,0.007177033492822967,0.0
Jura bernois,Female,54,1,0,417,0.002398081534772182,0.0
Jura bernois,Female,55,1,0,427,0.00234192037470726,0.0
Jura bernois,Female,56,4,0,406,0.009852216748768473,0.0
Jura bernois,Female,57,4,0,372,0.010752688172043012,0.0
Jura bernois,Female,58,1,0,403,0.0024813895781637717,0.0
Jura bernois,Female,60,2,0,345,0.005797101449275362,0.0
Jura bernois,Female,63,2,0,338,0.005917159763313609,0.0
Jura bernois,Female,64,1,0,322,0.003105590062111801,0.0
Jura bernois,Female,66,1,0,283,0.0035335689045936395,0.0
Jura bernois,Female,68,1,0,277,0.0036101083032490976,0.0
Jura bernois,Female,69,1,0,282,0.0035460992907801418,0.0
Jura bernois,Female,70,1,0,286,0.0034965034965034965,0.0
Jura bernois,Female,71,1,0,267,0.003745318352059925,0.0
Jura bernois,Female,72,1,0,279,0.0035842293906810036,0.0
Jura bernois,Female,73,1,0,250,0.004,0.0
Jura bernois,Female,74,1,0,253,0.003952569169960474,0.0
Jura bernois,Female,75,1,0,243,0.00411522633744856,0.0
Jura bernois,Female,76,4,0,234,0.017094017094017096,0.0
Jura bernois,Female,78,1,1,158,0.006329113924050633,0.006329113924050633
Jura bernois,Female,79,4,1,173,0.023121387283236993,0.005780346820809248
Jura bernois,Female,80,1,1,156,0.00641025641025641,0.00641025641025641
Jura bernois,Female,81,1,0,170,0.0058823529411764705,0.0
Jura bernois,Female,82,2,0,158,0.012658227848101266,0.0
Jura bernois,Female,83,1,0,154,0.006493506493506494,0.0
Jura bernois,Female,84,2,1,143,0.013986013986013986,0.006993006993006993
Jura bernois,Female,85,4,0,129,0.031007751937984496,0.0
Jura bernois,Female,86,2,0,129,0.015503875968992248,0.0
Jura bernois,Female,87,4,2,104,0.038461538461538464,0.019230769230769232
Jura bernois,Female,88,3,0,101,0.0297029702970297,0.0
Jura bernois,Female,89,1,0,84,0.011904761904761904,0.0
Jura bernois,Female,90,1,0,74,0.013513513513513514,0.0
Jura bernois,Female,91,2,2,68,0.029411764705882353,0.029411764705882353
Jura bernois,Female,93,4,1,38,0.10526315789473684,0.02631578947368421
Jura bernois,Female,94,1,1,34,0.029411764705882353,0.029411764705882353
Jura bernois,Female,95,1,0,17,0.058823529411764705,0.0
Jura bernois,Female,97,1,0,14,0.07142857142857142,0.0
Jura bernois,Female,98,1,1,4,0.25,0.25
Jura bernois,Female,99,1,0,11,0.09090909090909091,0.0
Oberaargau,Male,16,1,0,375,0.0026666666666666666,0.0
Oberaargau,Male,18,1,0,416,0.002403846153846154,0.0
Oberaargau,Male,19,1,0,447,0.0022371364653243847,0.0
Oberaargau,Male,20,1,0,479,0.0020876826722338203,0.0
Oberaargau,Male,21,1,0,473,0.0021141649048625794,0.0
Oberaargau,Male,22,1,0,476,0.0021008403361344537,0.0
Oberaargau,Male,23,1,0,453,0.002207505518763797,0.0
Oberaargau,Male,26,1,0,496,0.0020161290322580645,0.0
Oberaargau,Male,27,1,0,506,0.001976284584980237,0.0
Oberaargau,Male,28,1,0,479,0.0020876826722338203,0.0
Oberaargau,Male,29,1,0,485,0.002061855670103093,0.0
Oberaargau,Male,30,1,0,522,0.0019157088122605363,0.0
Oberaargau,Male,31,2,0,491,0.004073319755600814,0.0
Oberaargau,Male,32,1,0,526,0.0019011406844106464,0.0
Oberaargau,Male,34,1,0,543,0.001841620626151013,0.0
Oberaargau,Male,36,1,0,549,0.0018214936247723133,0.0
Oberaargau,Male,37,1,0,555,0.0018018018018018018,0.0
Oberaargau,Male,43,1,0,485,0.002061855670103093,0.0
Oberaargau,Male,46,1,0,572,0.0017482517482517483,0.0
Oberaargau,Male,47,2,0,588,0.003401360544217687,0.0
Oberaargau,Male,48,2,0,605,0.003305785123966942,0.0
Oberaargau,Male,50,2,0,628,0.0031847133757961785,0.0
Oberaargau,Male,52,1,0,642,0.001557632398753894,0.0
Oberaargau,Male,54,5,0,645,0.007751937984496124,0.0
Oberaargau,Male,55,2,0,689,0.002902757619738752,0.0
Oberaargau,Male,56,1,0,624,0.0016025641025641025,0.0
Oberaargau,Male,58,1,0,594,0.0016835016835016834,0.0
Oberaargau,Male,59,3,0,591,0.005076142131979695,0.0
Oberaargau,Male,60,1,0,592,0.0016891891891891893,0.0
Oberaargau,Male,61,1,1,542,0.0018450184501845018,0.0018450184501845018
Oberaargau,Male,62,2,0,546,0.003663003663003663,0.0
Oberaargau,Male,63,1,0,544,0.001838235294117647,0.0
Oberaargau,Male,64,2,0,488,0.004098360655737705,0.0
Oberaargau,Male,65,1,0,475,0.002105263157894737,0.0
Oberaargau,Male,66,1,0,476,0.0021008403361344537,0.0
Oberaargau,Male,69,2,1,450,0.0044444444444444444,0.0022222222222222222
Oberaargau,Male,71,1,1,438,0.00228310502283105,0.00228310502283105
Oberaargau,Male,72,1,0,426,0.002347417840375587,0.0
Oberaargau,Male,73,1,1,388,0.002577319587628866,0.002577319587628866
Oberaargau,Male,75,1,0,357,0.0028011204481792717,0.0
Oberaargau,Male,77,2,1,294,0.006802721088435374,0.003401360544217687
Oberaargau,Male,86,2,1,154,0.012987012987012988,0.006493506493506494
Oberaargau,Male,94,1,0,46,0.021739130434782608,0.0
Oberaargau,Female,17,2,0,396,0.005050505050505051,0.0
Oberaargau,Female,19,2,0,447,0.0044742729306487695,0.0
Oberaargau,Female,20,1,0,479,0.0020876826722338203,0.0
Oberaargau,Female,21,1,0,473,0.0021141649048625794,0.0
Oberaargau,Female,22,2,0,476,0.004201680672268907,0.0
Oberaargau,Female,23,2,0,453,0.004415011037527594,0.0
Oberaargau,Female,25,1,0,473,0.0021141649048625794,0.0
Oberaargau,Female,26,1,0,496,0.0020161290322580645,0.0
Oberaargau,Female,27,2,0,506,0.003952569169960474,0.0
Oberaargau,Female,29,3,0,485,0.006185567010309278,0.0
Oberaargau,Female,32,4,0,526,0.0076045627376425855,0.0
Oberaargau,Female,34,1,0,543,0.001841620626151013,0.0
Oberaargau,Female,35,1,0,522,0.0019157088122605363,0.0
Oberaargau,Female,37,2,0,555,0.0036036036036036037,0.0
Oberaargau,Female,39,1,0,513,0.001949317738791423,0.0
Oberaargau,Female,40,2,0,515,0.003883495145631068,0.0
Oberaargau,Female,42,1,0,494,0.0020242914979757085,0.0
Oberaargau,Female,49,3,0,637,0.004709576138147566,0.0
Oberaargau,Female,50,1,0,628,0.0015923566878980893,0.0
Oberaargau,Female,51,2,0,617,0.0032414910858995136,0.0
Oberaargau,Female,52,1,0,642,0.001557632398753894,0.0
Oberaargau,Female,53,4,0,656,0.006097560975609756,0.0
Oberaargau,Female,54,1,0,645,0.0015503875968992248,0.0
Oberaargau,Female,55,2,0,689,0.002902757619738752,0.0
Oberaargau,Female,56,1,0,624,0.0016025641025641025,0.0
Oberaargau,Female,58,2,0,594,0.003367003367003367,0.0
Oberaargau,Female,60,1,0,592,0.0016891891891891893,0.0
Oberaargau,Female,61,2,0,542,0.0036900369003690036,0.0
Oberaargau,Female,64,1,0,488,0.0020491803278688526,0.0
Oberaargau,Female,65,1,0,475,0.002105263157894737,0.0
Oberaargau,Female,67,1,0,454,0.0022026431718061676,0.0
Oberaargau,Female,69,1,0,450,0.0022222222222222222,0.0
Oberaargau,Female,76,2,0,337,0.005934718100890208,0.0
Oberaargau,Female,77,1,0,294,0.003401360544217687,0.0
Oberaargau,Female,80,1,0,250,0.004,0.0
Oberaargau,Female,83,1,0,208,0.004807692307692308,0.0
Oberaargau,Female,86,1,1,154,0.006493506493506494,0.006493506493506494
Oberaargau,Female,88,1,0,144,0.006944444444444444,0.0
Oberaargau,Female,91,1,0,79,0.012658227848101266,0.0
Oberaargau,Female,94,1,0,46,0.021739130434782608,0.0
Oberaargau,Female,95,1,0,34,0.029411764705882353,0.0
Oberaargau,Female,100,1,1,15,0.06666666666666667,0.06666666666666667
Obersimmental-Saanen,Male,20,1,0,80,0.0125,0.0
Obersimmental-Saanen,Male,23,1,0,96,0.010416666666666666,0.0
Obersimmental-Saanen,Male,26,1,0,110,0.00909090909090909,0.0
Obersimmental-Saanen,Male,27,2,0,103,0.019417475728155338,0.0
Obersimmental-Saanen,Male,31,1,0,94,0.010638297872340425,0.0
Obersimmental-Saanen,Male,35,1,0,116,0.008620689655172414,0.0
Obersimmental-Saanen,Male,43,1,0,85,0.011764705882352941,0.0
Obersimmental-Saanen,Male,47,2,0,119,0.01680672268907563,0.0
Obersimmental-Saanen,Male,50,1,0,123,0.008130081300813009,0.0
Obersimmental-Saanen,Male,53,1,0,135,0.007407407407407408,0.0
Obersimmental-Saanen,Male,54,2,0,129,0.015503875968992248,0.0
Obersimmental-Saanen,Male,55,1,0,141,0.0070921985815602835,0.0
Obersimmental-Saanen,Male,58,1,0,123,0.008130081300813009,0.0
Obersimmental-Saanen,Male,59,1,0,120,0.008333333333333333,0.0
Obersimmental-Saanen,Male,65,1,0,111,0.009009009009009009,0.0
Obersimmental-Saanen,Male,66,3,0,99,0.030303030303030304,0.0
Obersimmental-Saanen,Male,67,1,0,104,0.009615384615384616,0.0
Obersimmental-Saanen,Male,80,1,1,52,0.019230769230769232,0.019230769230769232
Obersimmental-Saanen,Male,85,1,0,48,0.020833333333333332,0.0
Obersimmental-Saanen,Female,55,1,0,141,0.0070921985815602835,0.0
Obersimmental-Saanen,Female,21,1,0,89,0.011235955056179775,0.0
Obersimmental-Saanen,Female,22,2,0,86,0.023255813953488372,0.0
Obersimmental-Saanen,Female,24,1,0,100,0.01,0.0
Obersimmental-Saanen,Female,25,1,0,108,0.009259259259259259,0.0
Obersimmental-Saanen,Female,26,1,0,110,0.00909090909090909,0.0
Obersimmental-Saanen,Female,29,1,0,106,0.009433962264150943,0.0
Obersimmental-Saanen,Female,31,1,0,94,0.010638297872340425,0.0
Obersimmental-Saanen,Female,39,1,0,107,0.009345794392523364,0.0
Obersimmental-Saanen,Female,42,1,0,100,0.01,0.0
Obersimmental-Saanen,Female,43,2,0,85,0.023529411764705882,0.0
Obersimmental-Saanen,Female,46,2,0,98,0.02040816326530612,0.0
Obersimmental-Saanen,Female,47,1,0,119,0.008403361344537815,0.0
Obersimmental-Saanen,Female,48,1,0,109,0.009174311926605505,0.0
Obersimmental-Saanen,Female,49,1,0,144,0.006944444444444444,0.0
Obersimmental-Saanen,Female,54,1,0,129,0.007751937984496124,0.0
Obersimmental-Saanen,Female,56,1,0,133,0.007518796992481203,0.0
Obersimmental-Saanen,Female,57,1,0,129,0.007751937984496124,0.0
Obersimmental-Saanen,Female,58,1,0,123,0.008130081300813009,0.0
Obersimmental-Saanen,Female,61,2,0,111,0.018018018018018018,0.0
Obersimmental-Saanen,Female,63,1,0,121,0.008264462809917356,0.0
Obersimmental-Saanen,Female,65,2,0,111,0.018018018018018018,0.0
Obersimmental-Saanen,Female,66,1,0,99,0.010101010101010102,0.0
Obersimmental-Saanen,Female,67,1,0,104,0.009615384615384616,0.0
Obersimmental-Saanen,Female,78,1,0,64,0.015625,0.0
Obersimmental-Saanen,Female,86,1,0,41,0.024390243902439025,0.0
Obersimmental-Saanen,Female,96,1,1,1,1.0,1.0
Seeland,Male,17,1,0,381,0.0026246719160104987,0.0
Seeland,Male,18,1,0,382,0.002617801047120419,0.0
Seeland,Male,22,1,0,404,0.0024752475247524753,0.0
Seeland,Male,23,2,0,418,0.004784688995215311,0.0
Seeland,Male,25,1,0,411,0.0024330900243309003,0.0
Seeland,Male,26,1,0,393,0.002544529262086514,0.0
Seeland,Male,27,1,0,420,0.002380952380952381,0.0
Seeland,Male,28,2,0,425,0.004705882352941176,0.0
Seeland,Male,30,1,0,469,0.0021321961620469083,0.0
Seeland,Male,31,1,0,445,0.0022471910112359553,0.0
Seeland,Male,34,1,0,504,0.001984126984126984,0.0
Seeland,Male,35,2,0,489,0.00408997955010225,0.0
Seeland,Male,38,3,0,482,0.006224066390041493,0.0
Seeland,Male,39,1,0,476,0.0021008403361344537,0.0
Seeland,Male,40,2,0,466,0.004291845493562232,0.0
Seeland,Male,42,3,0,449,0.0066815144766146995,0.0
Seeland,Male,43,1,0,490,0.0020408163265306124,0.0
Seeland,Male,45,1,0,472,0.00211864406779661,0.0
Seeland,Male,46,3,0,527,0.0056925996204933585,0.0
Seeland,Male,48,2,0,590,0.003389830508474576,0.0
Seeland,Male,49,4,0,601,0.0066555740432612314,0.0
Seeland,Male,51,1,0,647,0.0015455950540958269,0.0
Seeland,Male,52,3,0,597,0.005025125628140704,0.0
Seeland,Male,54,2,0,636,0.0031446540880503146,0.0
Seeland,Male,55,2,0,611,0.0032733224222585926,0.0
Seeland,Male,56,1,0,606,0.0016501650165016502,0.0
Seeland,Male,57,2,0,579,0.0034542314335060447,0.0
Seeland,Male,58,2,0,565,0.0035398230088495575,0.0
Seeland,Male,59,4,0,546,0.007326007326007326,0.0
Seeland,Male,60,1,0,532,0.0018796992481203006,0.0
Seeland,Male,61,1,0,523,0.0019120458891013384,0.0
Seeland,Male,64,2,0,466,0.004291845493562232,0.0
Seeland,Male,65,2,1,457,0.00437636761487965,0.002188183807439825
Seeland,Male,66,1,0,436,0.0022935779816513763,0.0
Seeland,Male,67,2,0,403,0.004962779156327543,0.0
Seeland,Male,70,2,0,428,0.004672897196261682,0.0
Seeland,Male,76,1,0,308,0.003246753246753247,0.0
Seeland,Male,86,1,0,135,0.007407407407407408,0.0
Seeland,Female,12,1,0,363,0.0027548209366391185,0.0
Seeland,Female,17,1,0,381,0.0026246719160104987,0.0
Seeland,Female,20,2,0,369,0.005420054200542005,0.0
Seeland,Female,22,3,0,404,0.007425742574257425,0.0
Seeland,Female,24,1,0,400,0.0025,0.0
Seeland,Female,25,1,0,411,0.0024330900243309003,0.0
Seeland,Female,26,1,0,393,0.002544529262086514,0.0
Seeland,Female,28,2,0,425,0.004705882352941176,0.0
Seeland,Female,30,2,0,469,0.0042643923240938165,0.0
Seeland,Female,32,1,0,450,0.0022222222222222222,0.0
Seeland,Female,33,1,0,461,0.0021691973969631237,0.0
Seeland,Female,36,1,0,512,0.001953125,0.0
Seeland,Female,38,3,0,482,0.006224066390041493,0.0
Seeland,Female,39,1,0,476,0.0021008403361344537,0.0
Seeland,Female,41,1,0,488,0.0020491803278688526,0.0
Seeland,Female,42,1,0,449,0.0022271714922048997,0.0
Seeland,Female,46,1,0,527,0.0018975332068311196,0.0
Seeland,Female,47,1,0,558,0.0017921146953405018,0.0
Seeland,Female,48,2,0,590,0.003389830508474576,0.0
Seeland,Female,49,1,0,601,0.0016638935108153079,0.0
Seeland,Female,51,2,0,647,0.0030911901081916537,0.0
Seeland,Female,52,3,0,597,0.005025125628140704,0.0
Seeland,Female,53,3,0,642,0.004672897196261682,0.0
Seeland,Female,54,6,0,636,0.009433962264150943,0.0
Seeland,Female,55,1,0,611,0.0016366612111292963,0.0
Seeland,Female,56,1,0,606,0.0016501650165016502,0.0
Seeland,Female,57,3,0,579,0.0051813471502590676,0.0
Seeland,Female,58,1,0,565,0.0017699115044247787,0.0
Seeland,Female,59,1,0,546,0.0018315018315018315,0.0
Seeland,Female,60,2,0,532,0.0037593984962406013,0.0
Seeland,Female,61,1,0,523,0.0019120458891013384,0.0
Seeland,Female,62,1,0,492,0.0020325203252032522,0.0
Seeland,Female,63,1,0,493,0.002028397565922921,0.0
Seeland,Female,64,1,0,466,0.002145922746781116,0.0
Seeland,Female,65,2,0,457,0.00437636761487965,0.0
Seeland,Female,66,1,0,436,0.0022935779816513763,0.0
Seeland,Female,71,1,0,400,0.0025,0.0
Seeland,Female,74,3,0,347,0.008645533141210375,0.0
Seeland,Female,76,1,0,308,0.003246753246753247,0.0
Seeland,Female,77,2,0,310,0.0064516129032258064,0.0
Seeland,Female,80,1,1,215,0.004651162790697674,0.004651162790697674
Seeland,Female,86,1,0,135,0.007407407407407408,0.0
Seeland,Female,94,1,0,26,0.038461538461538464,0.0
Seeland,Female,96,1,0,12,0.08333333333333333,0.0
Thun,Male,19,1,0,554,0.0018050541516245488,0.0
Thun,Male,21,1,0,574,0.0017421602787456446,0.0
Thun,Male,24,1,0,601,0.0016638935108153079,0.0
Thun,Male,27,1,0,629,0.001589825119236884,0.0
Thun,Male,29,1,0,609,0.0016420361247947454,0.0
Thun,Male,31,1,0,656,0.001524390243902439,0.0
Thun,Male,32,1,0,631,0.001584786053882726,0.0
Thun,Male,33,1,0,671,0.0014903129657228018,0.0
Thun,Male,35,1,0,686,0.0014577259475218659,0.0
Thun,Male,36,1,0,672,0.001488095238095238,0.0
Thun,Male,40,1,0,626,0.001597444089456869,0.0
Thun,Male,45,1,0,678,0.0014749262536873156,0.0
Thun,Male,46,1,0,737,0.0013568521031207597,0.0
Thun,Male,48,1,0,765,0.00130718954248366,0.0
Thun,Male,50,1,0,858,0.0011655011655011655,0.0
Thun,Male,51,2,0,831,0.0024067388688327317,0.0
Thun,Male,52,2,0,860,0.002325581395348837,0.0
Thun,Male,53,1,0,829,0.0012062726176115801,0.0
Thun,Male,55,5,0,866,0.005773672055427252,0.0
Thun,Male,56,1,0,837,0.0011947431302270011,0.0
Thun,Male,57,1,0,798,0.0012531328320802004,0.0
Thun,Male,60,1,0,770,0.0012987012987012987,0.0
Thun,Male,61,3,0,726,0.004132231404958678,0.0
Thun,Male,62,1,0,737,0.0013568521031207597,0.0
Thun,Male,63,1,0,712,0.0014044943820224719,0.0
Thun,Male,66,2,0,660,0.0030303030303030303,0.0
Thun,Male,67,1,1,648,0.0015432098765432098,0.0015432098765432098
Thun,Male,68,1,0,677,0.0014771048744460858,0.0
Thun,Male,71,1,0,691,0.001447178002894356,0.0
Thun,Male,73,1,0,630,0.0015873015873015873,0.0
Thun,Male,77,1,0,492,0.0020325203252032522,0.0
Thun,Male,83,2,0,322,0.006211180124223602,0.0
Thun,Male,85,1,0,263,0.0038022813688212928,0.0
Thun,Male,91,1,0,114,0.008771929824561403,0.0
Thun,Female,17,3,0,495,0.006060606060606061,0.0
Thun,Female,19,3,0,554,0.005415162454873646,0.0
Thun,Female,20,2,0,549,0.0036429872495446266,0.0
Thun,Female,21,1,0,574,0.0017421602787456446,0.0
Thun,Female,22,3,0,574,0.005226480836236934,0.0
Thun,Female,23,1,0,568,0.0017605633802816902,0.0
Thun,Female,26,1,0,621,0.001610305958132045,0.0
Thun,Female,27,2,0,629,0.003179650238473768,0.0
Thun,Female,28,1,0,634,0.0015772870662460567,0.0
Thun,Female,31,1,0,656,0.001524390243902439,0.0
Thun,Female,32,1,0,631,0.001584786053882726,0.0
Thun,Female,34,1,0,646,0.0015479876160990713,0.0
Thun,Female,35,3,0,686,0.004373177842565598,0.0
Thun,Female,40,1,0,626,0.001597444089456869,0.0
Thun,Female,41,1,0,646,0.0015479876160990713,0.0
Thun,Female,42,4,0,625,0.0064,0.0
Thun,Female,46,1,0,737,0.0013568521031207597,0.0
Thun,Female,47,1,0,731,0.0013679890560875513,0.0
Thun,Female,49,3,0,810,0.003703703703703704,0.0
Thun,Female,50,1,0,858,0.0011655011655011655,0.0
Thun,Female,53,4,0,829,0.0048250904704463205,0.0
Thun,Female,54,2,0,876,0.00228310502283105,0.0
Thun,Female,55,2,0,866,0.0023094688221709007,0.0
Thun,Female,56,1,0,837,0.0011947431302270011,0.0
Thun,Female,57,3,0,798,0.0037593984962406013,0.0
Thun,Female,58,2,0,781,0.002560819462227913,0.0
Thun,Female,59,2,0,757,0.002642007926023778,0.0
Thun,Female,60,1,0,770,0.0012987012987012987,0.0
Thun,Female,61,1,0,726,0.0013774104683195593,0.0
Thun,Female,62,1,0,737,0.0013568521031207597,0.0
Thun,Female,65,1,0,684,0.0014619883040935672,0.0
Thun,Female,66,2,0,660,0.0030303030303030303,0.0
Thun,Female,67,1,0,648,0.0015432098765432098,0.0
Thun,Female,73,1,0,630,0.0015873015873015873,0.0
Thun,Female,74,1,0,602,0.0016611295681063123,0.0
Thun,Female,76,1,0,559,0.0017889087656529517,0.0
Thun,Female,81,1,0,337,0.002967359050445104,0.0
Thun,Female,89,1,0,171,0.005847953216374269,0.0
Thun,Female,94,1,0,51,0.0196078431372549,0.0
Total,Male,0,1,0,4994,0.00020024028834601522,0.0
Total,Male,11,1,0,4819,0.00020751193193608634,0.0
Total,Male,12,1,0,4699,0.00021281123643328368,0.0
Total,Male,14,4,0,4726,0.0008463817181548879,0.0
Total,Male,15,1,0,4664,0.0002144082332761578,0.0
Total,Male,16,6,0,4655,0.0012889366272824919,0.0
Total,Male,17,7,0,4744,0.001475548060708263,0.0
Total,Male,18,14,0,5046,0.0027744748315497426,0.0
Total,Male,19,9,0,5119,0.0017581558898222308,0.0
Total,Male,20,5,0,5241,0.0009540164090822362,0.0
Total,Male,21,7,0,5415,0.0012927054478301017,0.0
Total,Male,22,13,0,5647,0.0023021073136178503,0.0
Total,Male,23,14,0,5742,0.0024381748519679554,0.0
Total,Male,24,13,0,5881,0.0022105084169358954,0.0
Total,Male,25,8,0,6028,0.0013271400132714001,0.0
Total,Male,26,16,0,6433,0.002487175501321312,0.0
Total,Male,27,16,0,6645,0.0024078254326561324,0.0
Total,Male,28,22,0,6825,0.0032234432234432234,0.0
Total,Male,29,12,0,6804,0.001763668430335097,0.0
Total,Male,30,10,0,7072,0.001414027149321267,0.0
Total,Male,31,17,0,6861,0.0024777729193995045,0.0
Total,Male,32,15,0,6934,0.002163253533314104,0.0
Total,Male,33,8,0,6958,0.0011497556769186547,0.0
Total,Male,34,9,0,7047,0.001277139208173691,0.0
Total,Male,35,19,0,7017,0.0027077098475131824,0.0
Total,Male,36,11,0,7140,0.0015406162464985994,0.0
Total,Male,37,8,0,7121,0.0011234377194214297,0.0
Total,Male,38,16,0,7032,0.0022753128555176336,0.0
Total,Male,39,15,0,6818,0.0022000586682311527,0.0
Total,Male,40,11,0,6710,0.001639344262295082,0.0
Total,Male,41,6,0,6704,0.0008949880668257757,0.0
Total,Male,42,11,0,6588,0.0016697024893746206,0.0
Total,Male,43,10,0,6533,0.001530690341343946,0.0
Total,Male,44,9,0,6701,0.0013430831219221012,0.0
Total,Male,45,13,0,6762,0.001922508133688258,0.0
Total,Male,46,14,0,7069,0.0019804781440090537,0.0
Total,Male,47,17,0,7269,0.0023386985830237995,0.0
Total,Male,48,17,0,7496,0.0022678762006403414,0.0
Total,Male,49,16,0,7722,0.002072002072002072,0.0
Total,Male,50,21,0,7904,0.0026568825910931173,0.0
Total,Male,51,20,0,7929,0.0025223861773237483,0.0
Total,Male,52,21,0,7993,0.00262729888652571,0.0
Total,Male,53,12,0,8031,0.0014942099364960778,0.0
Total,Male,54,30,1,8145,0.003683241252302026,0.00012277470841006753
Total,Male,55,23,0,8109,0.002836354667653225,0.0
Total,Male,56,22,0,7768,0.0028321318228630276,0.0
Total,Male,57,19,0,7592,0.0025026343519494202,0.0
Total,Male,58,11,0,7359,0.0014947683109118087,0.0
Total,Male,59,22,0,7121,0.0030894537284089315,0.0
Total,Male,60,17,0,6958,0.0024432308134521414,0.0
Total,Male,61,19,2,6747,0.0028160663998814286,0.00029642804209278195
Total,Male,62,14,1,6727,0.002081165452653486,0.0001486546751895347
Total,Male,63,13,0,6375,0.00203921568627451,0.0
Total,Male,64,16,0,6115,0.002616516762060507,0.0
Total,Male,65,12,1,6001,0.0019996667222129645,0.00016663889351774705
Total,Male,66,10,0,5848,0.001709986320109439,0.0
Total,Male,67,12,3,5677,0.002113792496036639,0.0005284481240091598
Total,Male,68,6,0,5852,0.0010252904989747095,0.0
Total,Male,69,9,2,5725,0.0015720524017467249,0.00034934497816593884
Total,Male,70,10,1,5837,0.0017132088401576153,0.00017132088401576153
Total,Male,71,12,2,5707,0.0021026809181706675,0.0003504468196951113
Total,Male,72,6,0,5682,0.0010559662090813093,0.0
Total,Male,73,5,1,5309,0.0009417969485778867,0.00018835938971557733
Total,Male,74,7,0,5134,0.0013634592910011687,0.0
Total,Male,75,7,1,4732,0.0014792899408284023,0.00021132713440405747
Total,Male,76,14,3,4615,0.0030335861321776816,0.0006500541711809318
Total,Male,77,9,1,4133,0.0021775949673360755,0.00024195499637067505
Total,Male,78,5,0,3594,0.0013912075681691708,0.0
Total,Male,79,5,0,3504,0.0014269406392694063,0.0
Total,Male,80,10,2,3265,0.0030627871362940277,0.0006125574272588055
Total,Male,81,7,5,3132,0.002234993614303959,0.0015964240102171138
Total,Male,82,12,2,3034,0.003955174686882004,0.0006591957811470006
Total,Male,83,7,2,2773,0.0025243418680129825,0.000721240533717995
Total,Male,84,7,4,2604,0.002688172043010753,0.0015360983102918587
Total,Male,85,6,0,2412,0.0024875621890547263,0.0
Total,Male,86,10,3,2223,0.00449842555105713,0.001349527665317139
Total,Male,87,5,3,1974,0.0025329280648429585,0.001519756838905775
Total,Male,88,3,2,1741,0.0017231476163124641,0.0011487650775416428
Total,Male,89,5,3,1508,0.0033156498673740055,0.001989389920424403
Total,Male,90,5,3,1288,0.0038819875776397515,0.002329192546583851
Total,Male,91,6,1,1074,0.00558659217877095,0.000931098696461825
Total,Male,92,5,2,882,0.005668934240362812,0.0022675736961451248
Total,Male,94,3,1,529,0.005671077504725898,0.001890359168241966
Total,Male,2,1,0,5105,0.0001958863858961802,0.0
Total,Male,5,1,0,4979,0.0002008435428800964,0.0
Total,Male,6,1,0,5078,0.00019692792437967703,0.0
Total,Male,7,1,0,4969,0.0002012477359629704,0.0
Total,Male,1,1,0,5059,0.000197667523225934,0.0
Total,Female,0,2,0,4994,0.00040048057669203043,0.0
Total,Female,2,1,0,5105,0.0001958863858961802,0.0
Total,Female,8,2,0,5066,0.00039478878799842083,0.0
Total,Female,10,1,0,4948,0.0002021018593371059,0.0
Total,Female,11,1,0,4819,0.00020751193193608634,0.0
Total,Female,12,3,0,4699,0.000638433709299851,0.0
Total,Female,14,3,0,4726,0.0006347862886161659,0.0
Total,Female,15,1,0,4664,0.0002144082332761578,0.0
Total,Female,16,3,0,4655,0.0006444683136412459,0.0
Total,Female,17,12,0,4744,0.002529510961214165,0.0
Total,Female,18,8,0,5046,0.0015854141894569957,0.0
Total,Female,19,9,0,5119,0.0017581558898222308,0.0
Total,Female,20,13,0,5241,0.0024804426636138143,0.0
Total,Female,21,18,0,5415,0.0033240997229916896,0.0
Total,Female,22,24,0,5647,0.004250044271294493,0.0
Total,Female,23,15,0,5742,0.002612330198537095,0.0
Total,Female,24,25,0,5881,0.0042509777248767215,0.0
Total,Female,25,21,0,6028,0.0034837425348374254,0.0
Total,Female,26,18,0,6433,0.002798072438986476,0.0
Total,Female,27,24,0,6645,0.0036117381489841984,0.0
Total,Female,28,21,0,6825,0.003076923076923077,0.0
Total,Female,29,16,0,6804,0.0023515579071134627,0.0
Total,Female,30,12,0,7072,0.0016968325791855204,0.0
Total,Female,31,16,0,6861,0.0023320215711995335,0.0
Total,Female,32,15,0,6934,0.002163253533314104,0.0
Total,Female,33,18,0,6958,0.0025869502730669733,0.0
Total,Female,34,12,0,7047,0.0017028522775649213,0.0
Total,Female,35,17,0,7017,0.0024226877583012683,0.0
Total,Female,36,13,0,7140,0.0018207282913165266,0.0
Total,Female,37,10,0,7121,0.001404297149276787,0.0
Total,Female,38,20,0,7032,0.002844141069397042,0.0
Total,Female,39,17,0,6818,0.0024933998239953063,0.0
Total,Female,40,21,0,6710,0.0031296572280178838,0.0
Total,Female,41,7,0,6704,0.0010441527446300716,0.0
Total,Female,42,17,0,6588,0.0025804493017607772,0.0
Total,Female,43,16,0,6533,0.002449104546150314,0.0
Total,Female,44,5,0,6701,0.0007461572899567229,0.0
Total,Female,45,17,0,6762,0.0025140490979000296,0.0
Total,Female,46,17,0,7069,0.0024048663177252795,0.0
Total,Female,47,18,0,7269,0.0024762690879075525,0.0
Total,Female,48,15,0,7496,0.002001067235859125,0.0
Total,Female,49,24,0,7722,0.003108003108003108,0.0
Total,Female,50,22,0,7904,0.002783400809716599,0.0
Total,Female,51,19,0,7929,0.002396266868457561,0.0
Total,Female,52,14,0,7993,0.00175153259101714,0.0
Total,Female,53,31,0,8031,0.003860042335948201,0.0
Total,Female,54,25,0,8145,0.003069367710251688,0.0
Total,Female,55,12,0,8109,0.0014798372179060304,0.0
Total,Female,56,27,0,7768,0.0034757981462409885,0.0
Total,Female,57,19,0,7592,0.0025026343519494202,0.0
Total,Female,58,13,0,7359,0.0017665443674412284,0.0
Total,Female,59,15,0,7121,0.0021064457239151806,0.0
Total,Female,60,12,0,6958,0.0017246335153779822,0.0
Total,Female,61,17,0,6747,0.0025196383577886466,0.0
Total,Female,62,15,0,6727,0.002229820127843021,0.0
Total,Female,63,16,0,6375,0.0025098039215686275,0.0
Total,Female,64,10,0,6115,0.001635322976287817,0.0
Total,Female,65,13,0,6001,0.0021663056157307115,0.0
Total,Female,66,8,0,5848,0.0013679890560875513,0.0
Total,Female,67,10,0,5677,0.0017614937466971991,0.0
Total,Female,68,2,0,5852,0.0003417634996582365,0.0
Total,Female,69,6,0,5725,0.0010480349344978166,0.0
Total,Female,71,5,0,5707,0.0008761170492377782,0.0
Total,Female,72,3,0,5682,0.0005279831045406547,0.0
Total,Female,73,9,0,5309,0.0016952345074401959,0.0
Total,Female,74,7,0,5134,0.0013634592910011687,0.0
Total,Female,75,4,0,4732,0.0008453085376162299,0.0
Total,Female,76,12,0,4615,0.002600216684723727,0.0
Total,Female,77,9,0,4133,0.0021775949673360755,0.0
Total,Female,78,5,1,3594,0.0013912075681691708,0.0002782415136338342
Total,Female,79,6,2,3504,0.0017123287671232876,0.0005707762557077625
Total,Female,80,6,3,3265,0.0018376722817764165,0.0009188361408882082
Total,Female,82,6,1,3034,0.001977587343441002,0.0003295978905735003
Total,Female,83,7,1,2773,0.0025243418680129825,0.0003606202668589975
Total,Female,84,7,3,2604,0.002688172043010753,0.001152073732718894
Total,Female,85,6,0,2412,0.0024875621890547263,0.0
Total,Female,86,7,2,2223,0.003148897885739991,0.000899685110211426
Total,Female,87,7,2,1974,0.0035460992907801418,0.0010131712259371835
Total,Female,88,9,1,1741,0.005169442848937392,0.0005743825387708214
Total,Female,89,12,4,1508,0.007957559681697613,0.002652519893899204
Total,Female,90,6,1,1288,0.004658385093167702,0.0007763975155279503
Total,Female,91,10,2,1074,0.00931098696461825,0.00186219739292365
Total,Female,92,5,0,882,0.005668934240362812,0.0
Total,Female,93,6,2,697,0.00860832137733142,0.0028694404591104736
Total,Female,94,8,3,529,0.015122873345935728,0.005671077504725898
Total,Female,95,4,1,403,0.009925558312655087,0.0024813895781637717
Total,Female,96,4,1,265,0.01509433962264151,0.0037735849056603774
Total,Female,97,2,0,205,0.00975609756097561,0.0
Total,Female,99,2,1,175,0.011428571428571429,0.005714285714285714
Total,Female,9,2,0,4916,0.0004068348250610252,0.0
Total,Female,70,6,0,5837,0.001027925304094569,0.0
Total,Female,13,1,0,4724,0.00021168501270110075,0.0
Total,Female,81,2,0,3132,0.0006385696040868455,0.0
Total,Female,98,1,1,121,0.008264462809917356,0.008264462809917356
Total,Female,100,1,1,175,0.005714285714285714,0.005714285714285714
